<?xml version="1.0" encoding="UTF-8"?>
<jcr:root xmlns:cq="http://www.day.com/jcr/cq/1.0" xmlns:jcr="http://www.jcp.org/jcr/1.0" xmlns:nt="http://www.jcp.org/jcr/nt/1.0"
    jcr:primaryType="cq:Dialog"
    helpPath="en/cq/current/wcm/default_components.html#Title"
    title="Title Component"
    xtype="panel">
    <items jcr:primaryType="cq:WidgetCollection">
        <title
            jcr:primaryType="cq:Widget"
            fieldDescription="Leave empty to use the page title."
            fieldLabel="Title"
            name="./jcr:title"
            xtype="textfield"/>
        <type
            jcr:primaryType="cq:Widget"
            fieldLabel="Type / Size"
            name="./type"
            type="select"
            xtype="selection">
            <options jcr:primaryType="cq:WidgetCollection">
                <H1
                    jcr:primaryType="nt:unstructured"
                    text="H1"
                    value="H1"/>
                <H2
                    jcr:primaryType="nt:unstructured"
                    text="H2"
                    value="H2"/>
            </options>
        </type>
        <underlinetitle
            jcr:primaryType="cq:Widget"
            fieldLabel="Underline the Title ?"
            name="./underlinetitle"
            type="select"
            xtype="selection">
            <options jcr:primaryType="cq:WidgetCollection">
                <No
                    jcr:primaryType="nt:unstructured"
                    text="No"
                    value="No"/>
                <Yes
                    jcr:primaryType="nt:unstructured"
                    text="Yes"
                    value="Yes"/>
            </options>
        </underlinetitle>
    </items>
</jcr:root>
