<?xml version="1.0" encoding="UTF-8"?>
<jcr:root xmlns:cq="http://www.day.com/jcr/cq/1.0" xmlns:jcr="http://www.jcp.org/jcr/1.0"
    jcr:primaryType="cq:Dialog"
    height="500"
    width="800"
    xtype="dialog">
    <items
        jcr:primaryType="cq:Widget"
        xtype="tabpanel">
        <items jcr:primaryType="cq:WidgetCollection">
            <tab1
                jcr:primaryType="cq:Panel"
                title="Tab 1">
                <items jcr:primaryType="cq:WidgetCollection">
                    <footerCategory
                        jcr:primaryType="cq:Widget"
                        fieldLabel="Category Name"
                        name="./footerCategory"
                        xtype="textfield"/>
                    <multilinks
                        jcr:primaryType="cq:Widget"
                        customMultiFieldName="./multilinks"
                        fieldLabel="Links"
                        name="./multilinks"
                        xtype="custommultifield">
                        <fieldConfig jcr:primaryType="cq:WidgetCollection">
                            <linkName
                                jcr:primaryType="cq:Widget"
                                fieldLabel="Link Name"
                                name="./linkName"
                                xtype="textfield"/>
                            <linkUrl
                                jcr:primaryType="cq:Widget"
                                fieldLabel="Link URL"
                                name="./linkUrl"
                                xtype="pathfield"/>
                        </fieldConfig>
                    </multilinks>
                </items>
            </tab1>
        </items>
    </items>
</jcr:root>
