<?xml version="1.0" encoding="UTF-8"?>
<jcr:root xmlns:sling="http://sling.apache.org/jcr/sling/1.0" xmlns:cq="http://www.day.com/jcr/cq/1.0" xmlns:jcr="http://www.jcp.org/jcr/1.0" xmlns:nt="http://www.jcp.org/jcr/nt/1.0"
    jcr:primaryType="nt:unstructured"
    jcr:title="Title"
    sling:resourceType="cq/gui/components/authoring/dialog"
    helpPath="en/cq/current/wcm/default_components.html#Title">
    <content
        jcr:primaryType="nt:unstructured"
        sling:resourceType="granite/ui/components/foundation/container">
        <layout
            jcr:primaryType="nt:unstructured"
            sling:resourceType="granite/ui/components/foundation/layouts/fixedcolumns"
            margin="{Boolean}false"/>
        <items jcr:primaryType="nt:unstructured">
            <column
                jcr:primaryType="nt:unstructured"
                sling:resourceType="granite/ui/components/foundation/container">
                <items jcr:primaryType="nt:unstructured">
                    <title
                        jcr:primaryType="nt:unstructured"
                        sling:resourceType="granite/ui/components/foundation/form/textfield"
                        fieldDescription="Leave empty to use the page title."
                        fieldLabel="Title"
                        name="./jcr:title"/>
                    <type
                        jcr:primaryType="nt:unstructured"
                        sling:resourceType="granite/ui/components/foundation/form/select"
                        fieldLabel="Type / Size"
                        name="./type">
                        <items jcr:primaryType="nt:unstructured">
                            <H1
                                jcr:primaryType="nt:unstructured"
                                text="H1"
                                value="H1"/>
                            <H2
                                jcr:primaryType="nt:unstructured"
                                text="H2"
                                value="H2"/>
                        </items>
                    </type>
                    <underlinetitle
                        jcr:primaryType="nt:unstructured"
                        sling:resourceType="granite/ui/components/foundation/form/select"
                        fieldLabel="Underline the Title ?"
                        name="./underlinetitle">
                        <items jcr:primaryType="nt:unstructured">
                            <No
                                jcr:primaryType="nt:unstructured"
                                text="No"
                                value="No"/>
                            <Yes
                                jcr:primaryType="nt:unstructured"
                                text="Yes"
                                value="Yes"/>
                        </items>
                    </underlinetitle>
                </items>
            </column>
        </items>
    </content>
</jcr:root>
