<?xml version="1.0" encoding="UTF-8"?><components xmlns:scr="http://www.osgi.org/xmlns/scr/v1.0.0">
    <scr:component name="com.hdscorp.cms.servlet.AssetGatingServlet2">
        <implementation class="com.hdscorp.cms.servlet.AssetGatingServlet2"/>
        <service servicefactory="false">
            <provide interface="javax.servlet.Servlet"/>
        </service>
        <property name="sling.servlet.resourceTypes">
            dam:Asset
        </property>
        <property name="sling.servlet.extensions">
            pdf
        </property>
        <property name="sling.servlet.methods">
            GET
        </property>
        <property name="service.pid" value="com.hdscorp.cms.servlet.AssetGatingServlet2"/>
    </scr:component>
</components>
