<?xml version="1.0" encoding="UTF-8"?><components xmlns:scr="http://www.osgi.org/xmlns/scr/v1.0.0">
    <scr:component immediate="true" name="com.hdscorp.cms.servlet.ShowRequestHeadersServlet">
        <implementation class="com.hdscorp.cms.servlet.ShowRequestHeadersServlet"/>
        <service servicefactory="false">
            <provide interface="javax.servlet.Servlet"/>
        </service>
        <property name="service.description" value="Request Servlet"/>
        <property name="service.vendor" value="HDS Corp"/>
        <property name="sling.servlet.paths" value="/servicehdscorp/servlets/showrequestheaders"/>
        <property name="sling.servlet.methods" value="GET"/>
        <property name="service.pid" value="com.hdscorp.cms.servlet.ShowRequestHeadersServlet"/>
    </scr:component>
</components>
