<?xml version="1.0" encoding="UTF-8"?><components xmlns:scr="http://www.osgi.org/xmlns/scr/v1.0.0">
    <scr:component immediate="true" name="com.hdscorp.cms.servlet.HdsWorkflowServlet">
        <implementation class="com.hdscorp.cms.servlet.HdsWorkflowServlet"/>
        <service servicefactory="false">
            <provide interface="javax.servlet.Servlet"/>
        </service>
        <property name="service.description" value="HDS Corp Workflow Servlet"/>
        <property name="service.vendor" value="HDS Corp"/>
        <property name="sling.servlet.paths" value="/servicehdscorp/images/renditions"/>
        <property name="sling.servlet.methods" value="GET"/>
        <property name="service.pid" value="com.hdscorp.cms.servlet.HdsWorkflowServlet"/>
        <reference name="repository" interface="org.apache.sling.jcr.api.SlingRepository" cardinality="1..1" policy="static" bind="bindRepository" unbind="unbindRepository"/>
        <reference name="workflowService" interface="com.day.cq.workflow.WorkflowService" cardinality="1..1" policy="static" bind="bindWorkflowService" unbind="unbindWorkflowService"/>
    </scr:component>
</components>
