<?xml version="1.0" encoding="UTF-8"?><components xmlns:scr="http://www.osgi.org/xmlns/scr/v1.0.0">
    <scr:component name="com.hdscorp.cms.workflow.ScheduledActivationProcess">
        <implementation class="com.hdscorp.cms.workflow.ScheduledActivationProcess"/>
        <service servicefactory="false">
            <provide interface="com.day.cq.workflow.exec.WorkflowProcess"/>
        </service>
        <property name="service.description" value="Scheduled Activation Workflow"/>
        <property name="service.vendor" value="Adobe"/>
        <property name="process.label" value="Scheduled Activation Workflow"/>
        <property name="service.pid" value="com.hdscorp.cms.workflow.ScheduledActivationProcess"/>
    </scr:component>
</components>
