<?xml version="1.0" encoding="UTF-8"?><components xmlns:scr="http://www.osgi.org/xmlns/scr/v1.0.0">
    <scr:component name="com.hdscorp.cms.workflow.CacheInvalidationWorkflow">
        <implementation class="com.hdscorp.cms.workflow.CacheInvalidationWorkflow"/>
        <service servicefactory="false">
            <provide interface="com.day.cq.workflow.exec.WorkflowProcess"/>
        </service>
        <property name="service.description" value="Cache Invalidation Workflow"/>
        <property name="service.vendor" value="Adobe"/>
        <property name="process.label" value="Cache Invalidation Workflow"/>
        <property name="service.pid" value="com.hdscorp.cms.workflow.CacheInvalidationWorkflow"/>
        <reference name="resolverFactory" interface="org.apache.sling.api.resource.ResourceResolverFactory" cardinality="1..1" policy="static" bind="bindResolverFactory" unbind="unbindResolverFactory"/>
        <reference name="queryBuilder" interface="com.day.cq.search.QueryBuilder" cardinality="1..1" policy="static" bind="bindQueryBuilder" unbind="unbindQueryBuilder"/>
    </scr:component>
</components>
