<?xml version="1.0" encoding="UTF-8"?><components xmlns:scr="http://www.osgi.org/xmlns/scr/v1.1.0">
    <scr:component immediate="true" name="com.hdscorp.cms.config.HdsCorpGlobalConfiguration" activate="activate" deactivate="deactivate" modified="modified">
        <implementation class="com.hdscorp.cms.config.HdsCorpGlobalConfiguration"/>
        <service servicefactory="false">
            <provide interface="com.hdscorp.cms.config.HdsCorpGlobalConfiguration"/>
        </service>
        <property name="service.description" value="HDSGlobalConfig"/>
        <property name="service.vendor" value="HDS Corp"/>
        <property name="hdscorp.web.servers.address">
            
        </property>
        <property name="hdscorp.dispatcher.uri" value="/dispatcher/invalidate.cache"/>
        <property name="hdscorp.error.path" value="/content/hdscorp/en_us/error-page"/>
        <property name="hdscorp.structured.content.root.path" value="/content/hdscorp/en_us/structureddata"/>
        <property name="fbAppId" value="172495462931268"/>
        <property name="gaaccountid" value="UA-12177097-3"/>
        <property name="service.pid" value="com.hdscorp.cms.config.HdsCorpGlobalConfiguration"/>
    </scr:component>
</components>
