<?xml version="1.0" encoding="UTF-8"?>
<jcr:root xmlns:cq="http://www.day.com/jcr/cq/1.0" xmlns:jcr="http://www.jcp.org/jcr/1.0" xmlns:nt="http://www.jcp.org/jcr/nt/1.0"
    jcr:primaryType="cq:Dialog"
    title="Configure Global Header Dialog"
    xtype="dialog">
    <items jcr:primaryType="cq:TabPanel">
        <items jcr:primaryType="cq:WidgetCollection">
            <tab1
                jcr:primaryType="cq:Panel"
                title="General">
                <items jcr:primaryType="cq:WidgetCollection">
                    <rootpath
                        jcr:primaryType="cq:Widget"
                        allowBlank="{Boolean}false"
                        fieldLabel="Rootpath"
                        name="./rootPath"
                        xtype="pathfield"/>
                    <imgurl
                        jcr:primaryType="cq:Widget"
                        fieldLabel="Logo URL"
                        name="./imageurl"
                        xtype="pathfield"/>
                    <topnanhdstext
                        jcr:primaryType="cq:Widget"
                        fieldLabel="HDS Top Nav Display Text"
                        name="./topnanhdstext"
                        value="HDS GLobal"
                        xtype="textfield"/>
                    <listeners
                        jcr:primaryType="nt:unstructured"
                        loadcontent="function(){&#xa;if(this.getValue()==&quot;true&quot;){&#xa;CQ.Ext.getCmp('refreshtime').show();&#xa;}&#xa;else{&#xa;CQ.Ext.getCmp('refreshtime').hide();}&#xa;}"
                        selectionchanged="function(){&#xa;if(this.getValue()==&quot;true&quot;){&#xa;CQ.Ext.getCmp('refreshtime').show();&#xa;}&#xa;else{&#xa;CQ.Ext.getCmp('refreshtime').hide();}&#xa;}"/>
                    <externalmultilinks
                        jcr:primaryType="cq:Widget"
                        customMultiFieldName="./externalmultilinks"
                        fieldLabel="Tabs"
                        name="./externalmultilinks"
                        xtype="custommultifield">
                        <fieldConfig jcr:primaryType="cq:WidgetCollection">
                            <linkTitle
                                jcr:primaryType="cq:Widget"
                                fieldLabel="Link Display Text"
                                name="./linkTitle"
                                xtype="textfield"/>
                            <linktargeturl
                                jcr:primaryType="cq:Widget"
                                fieldLabel="Target URL"
                                name="./linktargeturl"
                                xtype="pathfield"/>
                            <linkIconPath
                                jcr:primaryType="cq:Widget"
                                fieldLabel="Link Icon Path"
                                name="./linkIconPath"
                                xtype="pathfield"/>
                            <linkurltargettype
                                jcr:primaryType="cq:Widget"
                                fieldLabel="Open in New Window ?"
                                name="./linkurltargettype"
                                type="checkbox"
                                xtype="selection"/>
                        </fieldConfig>
                    </externalmultilinks>
                </items>
            </tab1>
            <tab2
                jcr:primaryType="cq:Panel"
                title="Search">
                <items jcr:primaryType="cq:WidgetCollection">
                    <searchboxtext
                        jcr:primaryType="cq:Widget"
                        fieldLabel="Search PlaceHolder Text"
                        name="./searchboxtext"
                        xtype="textfield"/>
                    <searchpathurl
                        jcr:primaryType="cq:Widget"
                        allowBlank="{Boolean}false"
                        fieldLabel="Search Path URL"
                        name="./searchpathurl"
                        xtype="pathfield"/>
                </items>
            </tab2>
        </items>
    </items>
</jcr:root>
