<?xml version="1.0" encoding="UTF-8"?>
<jcr:root xmlns:cq="http://www.day.com/jcr/cq/1.0" xmlns:jcr="http://www.jcp.org/jcr/1.0" xmlns:nt="http://www.jcp.org/jcr/nt/1.0"
    jcr:primaryType="cq:Panel"
    title="Text">
    <items jcr:primaryType="cq:WidgetCollection">
        <editor
            jcr:primaryType="cq:Widget"
            externalStyleSheets="[/etc/clientlibs/hdscorp/main/css/app.css]"
            hideLabel="{Boolean}true"
            name="./text"
            xtype="richtext">
            <rtePlugins jcr:primaryType="nt:unstructured">
                <misctools
                    jcr:primaryType="nt:unstructured"
                    features="*">
                    <specialCharsConfig jcr:primaryType="nt:unstructured">
                        <chars jcr:primaryType="nt:unstructured">
                            <copyright
                                jcr:primaryType="nt:unstructured"
                                entity="&amp;#169;"/>
                            <trademark
                                jcr:primaryType="nt:unstructured"
                                entity="&amp;#174;"/>
                            <tm
                                jcr:primaryType="nt:unstructured"
                                entity="&amp;#8482;"/>
                            <superscript
                                jcr:primaryType="nt:unstructured"
                                entity="†"/>
                        </chars>
                    </specialCharsConfig>
                </misctools>
                <edit
                    jcr:primaryType="nt:unstructured"
                    defaultPasteMode="plaintext"
                    features="*"/>
                <format
                    jcr:primaryType="nt:unstructured"
                    features="*"/>
                <image
                    jcr:primaryType="nt:unstructured"
                    features="*"/>
                <justify
                    jcr:primaryType="nt:unstructured"
                    features="*"/>
                <links
                    jcr:primaryType="nt:unstructured"
                    features="*"/>
                <lists
                    jcr:primaryType="nt:unstructured"
                    features="*"/>
                <findreplace
                    jcr:primaryType="nt:unstructured"
                    features="*"/>
                <paraformat
                    jcr:primaryType="nt:unstructured"
                    features="*">
                    <formats jcr:primaryType="cq:WidgetCollection">
                        <P
                            jcr:primaryType="nt:unstructured"
                            description="Paragraph"
                            tag="p"/>
                        <H1
                            jcr:primaryType="nt:unstructured"
                            description="Heading 1 (H1)"
                            tag="h1"/>
                        <H2
                            jcr:primaryType="nt:unstructured"
                            description="Heading 2 (H2)"
                            tag="h2"/>
                        <H3
                            jcr:primaryType="nt:unstructured"
                            description="Heading 3 (H3)"
                            tag="h3"/>
                        <Strong
                            jcr:primaryType="nt:unstructured"
                            description="Strong"
                            tag="strong"/>
                    </formats>
                </paraformat>
                <spellcheck
                    jcr:primaryType="nt:unstructured"
                    features="*"/>
                <subsuperscript
                    jcr:primaryType="nt:unstructured"
                    features="*"/>
                <undo
                    jcr:primaryType="nt:unstructured"
                    features="*"/>
                <tooltips
                    jcr:primaryType="nt:unstructured"
                    features="*"/>
                <styles
                    jcr:primaryType="nt:unstructured"
                    features="*">
                    <styles jcr:primaryType="cq:WidgetCollection">
                        <floatleft
                            jcr:primaryType="nt:unstructured"
                            cssName="floatleft"
                            text="floatleft"/>
                        <floatright
                            jcr:primaryType="nt:unstructured"
                            cssName="floatright"
                            text="floatright"/>
                    </styles>
                </styles>
            </rtePlugins>
            <htmlRules jcr:primaryType="nt:unstructured">
                <links
                    jcr:primaryType="nt:unstructured"
                    protocols="[tel:,http://,mailto:,ftp://,https://]"/>
            </htmlRules>
        </editor>
        <isRichTextFlag
            jcr:primaryType="cq:Widget"
            ignoreData="{Boolean}true"
            name="./textIsRich"
            value="true"
            xtype="hidden"/>
    </items>
</jcr:root>
