<?xml version="1.0" encoding="UTF-8"?><metatype:MetaData xmlns:metatype="http://www.osgi.org/xmlns/metatype/v1.0.0" localization="OSGI-INF/metatype/com.hdscorp.cms.config.HdsCorpGlobalConfiguration">
    <OCD id="com.hdscorp.cms.config.HdsCorpGlobalConfiguration" name="%com.hdscorp.cms.config.HdsCorpGlobalConfiguration.name" description="%com.hdscorp.cms.config.HdsCorpGlobalConfiguration.description">
        <AD id="hdscorp.web.servers.address" type="String" default="" name="%com.hdscorp.cms.config.HdsCorpGlobalConfiguration.hdscorp.web.servers.address.name" description="%com.hdscorp.cms.config.HdsCorpGlobalConfiguration.hdscorp.web.servers.address.description" cardinality="2147483647"/>
        <AD id="hdscorp.dispatcher.uri" type="String" default="/dispatcher/invalidate.cache" name="%com.hdscorp.cms.config.HdsCorpGlobalConfiguration.hdscorp.dispatcher.uri.name" description="%com.hdscorp.cms.config.HdsCorpGlobalConfiguration.hdscorp.dispatcher.uri.description"/>
        <AD id="hdscorp.error.path" type="String" default="/content/hdscorp/en_us/error-page" name="%com.hdscorp.cms.config.HdsCorpGlobalConfiguration.hdscorp.error.path.name" description="%com.hdscorp.cms.config.HdsCorpGlobalConfiguration.hdscorp.error.path.description"/>
        <AD id="hdscorp.structured.content.root.path" type="String" default="/content/hdscorp/en_us/structureddata" name="%com.hdscorp.cms.config.HdsCorpGlobalConfiguration.hdscorp.structured.content.root.path.name" description="%com.hdscorp.cms.config.HdsCorpGlobalConfiguration.hdscorp.structured.content.root.path.description"/>
        <AD id="fbAppId" type="String" default="172495462931268" name="%com.hdscorp.cms.config.HdsCorpGlobalConfiguration.fbAppId.name" description="%com.hdscorp.cms.config.HdsCorpGlobalConfiguration.fbAppId.description"/>
        <AD id="gaaccountid" type="String" default="UA-12177097-3" name="%com.hdscorp.cms.config.HdsCorpGlobalConfiguration.gaaccountid.name" description="%com.hdscorp.cms.config.HdsCorpGlobalConfiguration.gaaccountid.description"/>
    </OCD>
    <Designate pid="com.hdscorp.cms.config.HdsCorpGlobalConfiguration">
        <Object ocdref="com.hdscorp.cms.config.HdsCorpGlobalConfiguration"/>
    </Designate>
</metatype:MetaData>
