<?xml version="1.0" encoding="UTF-8"?>
<jcr:root xmlns:cq="http://www.day.com/jcr/cq/1.0" xmlns:jcr="http://www.jcp.org/jcr/1.0" xmlns:nt="http://www.jcp.org/jcr/nt/1.0"
    jcr:primaryType="cq:Dialog"
    height="500"
    width="800"
    xtype="dialog">
    <items
        jcr:primaryType="cq:Widget"
        xtype="tabpanel">
        <items jcr:primaryType="cq:WidgetCollection">
            <tab1
                jcr:primaryType="cq:Panel"
                title="Tab 1">
                <items jcr:primaryType="cq:WidgetCollection">
                    <secondaryherotitlecontent
                        jcr:primaryType="cq:Widget"
                        fieldLabel="Hero Title Content"
                        name="./secondaryherotitlecontent"
                        xtype="textfield"/>
                    <secondaryherosubtitlecontent
                        jcr:primaryType="cq:Widget"
                        fieldLabel="Hero Sub Title Content"
                        name="./secondaryherosubtitlecontent"
                        xtype="textfield"/>
                    <secondaryherocontent
                        jcr:primaryType="cq:Widget"
                        fieldLabel="Hero Content"
                        height="125"
                        name="./secondaryherocontent"
                        xtype="richtext">
                        <rtePlugins jcr:primaryType="nt:unstructured">
                            <misctools
                                jcr:primaryType="nt:unstructured"
                                features="*"/>
                        </rtePlugins>
                    </secondaryherocontent>
                    <secondaryheroimage
                        jcr:primaryType="cq:Widget"
                        allowBlank="{Boolean}true"
                        allowUpload="false"
                        cropParameter="./secondaryimagePath/imageCrop2"
                        ddGroups="[media]"
                        fieldLabel="Seondary Hero Banner Image"
                        fileNameParameter="./secondimage/fileName"
                        fileReferenceParameter="./secondaryheroimage"
                        height="{Long}200"
                        name="./secondaryheroimage"
                        rotateParameter="./secondimage/imageRotate"
                        sizeLimit="100"
                        title="Secondary Banner Image"
                        width="{Long}200"
                        xtype="html5smartimage"/>
                    <secondaryimagealttext
                        jcr:primaryType="cq:Widget"
                        fieldLabel="Image Alt Text"
                        name="./secondaryimagealttext"
                        xtype="textfield"/>
                    <secondarybuttonurl
                        jcr:primaryType="cq:Widget"
                        fieldLabel="Button Target URL"
                        name="./secondarybuttonurl"
                        xtype="pathfield"/>
                    <secondarybuttonlabel
                        jcr:primaryType="cq:Widget"
                        fieldLabel="Button Label"
                        name="./secondarybuttonlabel"
                        xtype="textfield"/>
                    <secondaryurltargettype
                        jcr:primaryType="cq:Widget"
                        fieldLabel="Open in New Window ?"
                        name="./secondaryurltargettype"
                        type="checkbox"
                        xtype="selection"/>
                    <secondarycontentalign
                        jcr:primaryType="cq:Widget"
                        fieldLabel="Align Content on Right and Image on Left ?"
                        name="./secondarycontentalign"
                        type="checkbox"
                        xtype="selection"/>
                </items>
            </tab1>
        </items>
    </items>
</jcr:root>
