<?xml version="1.0" encoding="UTF-8"?>
<jcr:root xmlns:cq="http://www.day.com/jcr/cq/1.0" xmlns:jcr="http://www.jcp.org/jcr/1.0"
    jcr:primaryType="cq:Dialog"
    height="{Long}350"
    title="Corporate Footer"
    width="{Long}800"
    xtype="dialog">
    <items
        jcr:primaryType="cq:Widget"
        xtype="tabpanel">
        <items jcr:primaryType="cq:WidgetCollection">
            <tab1
                jcr:primaryType="cq:Panel"
                title="Corporate Footer Navigation">
                <items jcr:primaryType="cq:WidgetCollection">
                    <multifield_navigator
                        jcr:primaryType="cq:Widget"
                        customMultiFieldName="./footer"
                        fieldDescription="Click the '+' to add a new Link."
                        name="./footer"
                        xtype="custommultifield">
                        <fieldConfig jcr:primaryType="cq:WidgetCollection">
                            <name
                                jcr:primaryType="cq:Widget"
                                fieldLabel="URL Label"
                                name="./urlLabel"
                                xtype="textfield"/>
                            <sourcePath
                                jcr:primaryType="cq:Widget"
                                fieldLabel="Page URL"
                                name="./pageUrl"
                                xtype="pathfield"/>
                        </fieldConfig>
                    </multifield_navigator>
                    <footnote jcr:primaryType="cq:WidgetCollection">
                        <copyrighttext
                            jcr:primaryType="cq:Widget"
                            fieldLabel="Enter Copyright  text"
                            name="./copyrighttext"
                            xtype="textfield"/>
                    </footnote>
                </items>
            </tab1>
        </items>
    </items>
</jcr:root>
